,Lot Number,Chassis Number,Running Condition,Seller,Location,Model,Year,Kilometers,Engine,Gearbox,Date,Price
0,24412,WDBBA48D9KA096758,True,curtispopp7,"Sacramento, California 95815",Mercedes-Benz R107 SL,1989,252000,5.5-Liter V8,Four-Speed Automatic Transmission,,5750
1,24399,WBSKG9C52BE368856,True,eZCPeezy,"Santa Barbara, California 93101",BMW E90/E92/E93 M3,2011,111000,4.0-Liter S65 V8,Six-Speed Manual Transmission,,20000
2,24308,143436,True,huskyrider,"Cave Creek, Arizona 85331",,1956,,2-Stroke 125cc Single,4-Speed Transmission,,1150
3,24231,WP0CA2989XU631797,True,greatdanems,"Fort Lauderdale, Florida 33309",Porsche Boxster,1999,24000,2.5-Liter Flat-Six,Five-Speed Manual Transaxle,,11500
4,24327,WP0AA2952HN151481,True,Type911,"Durango, Colorado 81301",Porsche 944 Turbo,1987,57000,Turbocharged 2.5L Inline-Four,Five-Speed Manual Transaxle,,22500
5,24441,6R07C188598,True,dj_walls2424,"Gresham, Oregon 97030",Ford Mustang 1964.5-1966,1966,74000,289ci V8,3-Speed Automatic Transmission,,2650
6,24346,SCFAB22332K302831,True,Chef007,"North Hollywood, California 91601",Aston Martin DB7,2002,53000,5.9-Liter V12,Six-Speed Manual Transmission,,18000
7,24343,AR1530444,True,AlfaEvanston,"Buffalo Grove, Illinois 60089",Alfa Romeo 105/115 Series Coupe,1969,93000,Modified 2.0L Twin-Cam Inline-Four,5-Speed Manual Transmission,,18200
8,24404,GHN51JA197486G,True,sharonmac,"Greenwich, Connecticut 06830",MG MGB,1970,22000,1.8-Liter B-Series Inline-Four,5-Speed Manual Transmission,,5000
9,24421,WP0AB2966PS419258,True,911r,"Portland, Oregon 97227",Porsche 964 911,1993,99000,3.6-Liter Flat-Six,G50 Five-Speed Manual Transaxle,,10000
10,24275,11511712017933,True,phopper,"Knoxville, Tennessee 37917",,1974,133000,2.4-Liter Diesel Inline-Four,Four-Speed Automatic Transmission,,1700
11,24376,159578,True,Simca972,"Somers, New York 10589",,1966,88000,944cc Inline-Four,4-Speed Manual Transmission,,5500
12,24258,WDDNG79X87A080426,True,bruce_m,"Doylestown, Pennsylvania 18901",Mercedes-Benz W221 S-Class,2007,91000,Twin-Turbocharged 6.0L V12,Five-Speed Automatic Gearbox,,23000
13,24350,JHMAP11473T005852,True,gfujii,"Herndon, Virginia 20171",Honda S2000,2003,26875,2.0-Liter VTEC Inline-Four,Six-Speed Manual Transmission,,15000
14,24217,WP0AB29836U784940,True,TommyKitsmiller,"Birmingham, Alabama 35213",Porsche Cayman,2006,157000,3.4-Liter Flat-Six,Six-Speed Manual Transaxle,,19500
15,24422,41212,True,cascadia,"Portland, Oregon 97218",,1970,,Chrysler Power Bee 136cc Engine,Albion Three-Speed Transmission,,1100
16,24307,6Y83Z123884,True,Sparkyktm,"Randolph Center, Vermont 05061",Ford Thunderbird,1966,159000,Fuel-Injected Z-Code 390ci V8,3-Speed Automatic Transmission,,3600
17,24389,ZFFBV55A020129479,True,GTSbruce,"Orchard Park, New York 14127",Ferrari 575M,2002,20000,5.7L Quad-Cam V12,Six-Speed F1 Gearbox,,62222
18,24271,TPVDV8AT210046,True,Dutch0311,"Fort Mill, South Carolina 29708",,1980,106000,3.5-Liter V8,3-Speed Automatic Transmission,,5000
19,24363,JH4DC23101S000819,True,MadMaxD,"Emerson, New Jersey 07630",Acura Integra Type R,2001,61637,1.8-Liter VTEC Inline-Four,Five-Speed Manual Transmission,,25000
20,24242,HLS3008542,True,Jermurr,"Saint Paul, Minnesota 55105",Datsun 240Z,1970,41000,Numbers-Matching 2.4-Liter Inline-Six,Four-Speed Manual Transmission,,8000
21,24342,WP0AA29944S621640,True,Desertautosport,"Phoenix, Arizona 85034",Porsche 996 911,2004,82000,3.6-Liter Flat-Six,Six-Speed Manual Transaxle,,12500
22,24249,Z50A1005404,True,Nicky1391,"Vaughan, Ontario, Canada",Honda Motorcycles,1972,,No Engine Data Found,3-Speed Transmission,,3500
23,24373,PL510126032,True,Chucko64,"Palo Alto, California 94303",Datsun 510,1970,9000,2.4L KA24DE Inline-Four,5-Speed Manual,,16100
24,24381,ZFFYU51A320129513,True,Wob,"Los Angeles, California 90025",Ferrari 360,2002,19000,3.6L V8,6-Speed Manual,,95000
25,24385,WBSNB93548CX10484,True,BHMJR,"MORRISTOWN, New Jersey 07960",BMW E60 M5,2008,165000,5.0-Liter S85 V10,Six-Speed Manual Transmission,,8400
26,24423,FJ550020996,True,TonyK_CA,"Pasadena, California 91103",Toyota Land Cruiser FJ55,1971,67000,Replacement 3.9-Liter Straight-Six,Three-Speed Manual Gearbox,,1971
27,24450,119502153,True,Genpat1,"Lodi, California 95240",Volkswagen Beetle,1969,106000,"1,600cc Flat-Four",4-Speed Manual Transaxle,,4550
28,24281,351412,True,Pbruzzese,"Montreal, Quebec, Canada",Porsche 912,1966,96000,Original 1.6L Flat-Four,Five-Speed Transaxle,,22000
29,24467,WBAEJ13431AH60460,True,jvmax,"Lake Mary, Florida 32746",BMW Z8,2001,14000,4.9L S62 V8,6-Speed Manual Transmission,,125745
30,24237,FJ40273442,True,silverarrowcarsltd,"Calgary, Alberta, Canada",Toyota Land Cruiser FJ40,1978,93000,4.2L Straight-Six,4-Speed Manual Transmission,,32000
31,24398,SALLDHAV8BA254375,True,medway,"Medway, Massachusetts 02053",Land Rover Defender,1986,70000,3.5-Liter V8,5-Speed Manual Gearbox,,30000
32,24371,40867S117742,True,VivaLasVegasAutos,"Boulder City, Nevada 89005",Chevrolet Corvette C2,1964,91000,Numbers-Matching 327ci/375 V8,Numbers-Matching 4-Speed Manual Gearbox,,19640
33,24251,JM1NB353320227884,True,villageguys,"Franklin, Pennsylvania 16323",Mazda Miata,2002,3057,1.8-Liter Twin-Cam Inline-Four,6-Speed Manual Transmission,,13000
34,24390,882827G428507,True,mcolli,"Chandler, Arizona 85224",International Harvester Scout,1971,114000,304ci V8,3-Speed Automatic Transmission,,13000
35,24463,SAJNX5749RC193978,True,rareclassic,"Derwood, Maryland 20855",Jaguar XJS,1994,119000,4.0L AJ6 Inline-Six,4-Speed Automatic,,
36,24437,108970,True,MohrImports,"Monterey, California 93940",Porsche 356,1960,64000,Original 1.6L Flat-Four,Original Four-Speed Transaxle,,35600
37,24259,HLS30357999,True,DaleRoyHarris,"Missoula, Montana 59802",Datsun 280Z,1977,144000,2.8L Inline-Six,4-Speed Manual Transmission,,5100
38,24302,WP0AA2998XS622794,True,Ahudd,"Lake Oswego, Oregon 97034",Porsche 996 911,1999,209000,3.4-Liter Flat-Six,6-Speed Manual Transaxle,,8300
39,24409,WDBHM36E5TF427704,True,The_mabman_20,"Chicago, Illinois 60631",Mercedes-Benz AMG,1996,220000,24-Valve 3.6L Inline-Six,Four-Speed Automatic Transmission,,3000
40,24215,WMWRE93556YB72121,True,buybid22,"Fort Myers, Florida 33966",Mini Modern,2006,22000,Supercharged 1.6L Inline-Four,6-Speed Manual Transmission,,20100
41,24321,WP0AA2996YS622097,True,rd118403,"Dublin, Ohio 43016",Porsche 996 911,2000,119000,3.4-Liter Flat-Six,Six-Speed Manual Transaxle,,15000
42,24388,194671S110721,True,hap1971,"Jacksonville, Florida 32205",Chevrolet Corvette C3,1971,117000,Replacement 5.7-Liter V8,Six-Speed Manual Transmission,,11500
43,24453,WDBSK77F17F127478,True,restodavid99,"Carlsbad, California 92009",Mercedes-Benz R230 SL,2007,7563,Twin-Turbocharged 5.5-Liter V12,5-Speed TouchShift Automatic Transmission,,14000
44,24446,AR2263128,True,Gianniktm,"Phoenix, Arizona 85044",Alfa Romeo 105 Series Sedan,1972,24000,Replacement 2.0L Twin-Cam Four,5-Speed Manual Transmission,,3000
45,24400,TCF1861L,True,bradmercer,"Springboro, Ohio 45066",Triumph TR3,1963,102000,"2,138cc Inline-Four",Four-Speed Manual Transmission,,15250
46,24434,WAUSF78E68A114734,True,RatBustard,"Columbus, Indiana 47203",,2008,173000,No Engine Data Found,6-Speed Manual Transmission,,3500
47,24341,JN1CZ24H1MX503003,True,genevamotorcars,"DELAVAN, Wisconsin 53115",Nissan 300ZX,1991,102000,Twin-Turbocharged 3.0-Liter V6,Five-Speed Manual Transmission,,11000
48,24227,14989,True,FantasyJunction,"Emeryville, California 94608",,1972,38000,Numbers-Matching 4.4L Colombo V12,Five-Speed Manual Transaxle,,451000
49,24235,260FH5417477,True,Cruncher,"Rigaud, Quebec, Canada",,1954,61000,255ci Flathead V8,Automatic Transmission,,9400
50,24264,WBSBF9320SEH01311,True,BrioPA,"Paoli, Pennsylvania 19301",BMW E36 M3,1995,164000,3.2-Liter Euro S50B32 Inline-Six,Getrag S6S 420G 6-Speed Manual Gearbox,,13250
51,24238,WP0AB0961KS450656,True,AELtd,"Saint Paul, Minnesota 55115",Porsche 964 911,1989,217000,3.6-Liter Flat-Six,5-Speed Manual Transaxle,,32500
52,24354,13433926,True,RobertKay,"Lincoln, Nebraska 68521",,1926,,No Engine Data Found,2-Speed Manual Transmission,,3600
53,24247,WP0AA299X3S621530,True,Maxwell478,"Tarpon Springs, Florida 34689",Porsche 996 911,2003,178000,3.6L Flat-Six,6-Speed Manual Transaxle,,17250
54,24331,EF81001589,True,reynardmauricio,"Winnipeg, Manitoba, Canada",Honda CRX,1990,115000,2.0-Liter VTEC K20A Inline-Four,"6-Speed Manual Transaxle, LSD",,10750
55,24472,,True,Hammy28,"Lathorp, California 95330",,,,No Engine Data Found,,,
56,24447,JF1CX353XNH104359,True,602motoring,"Phoenix, Arizona 85034",,1992,141000,3.3-Liter Flat-Six,4-Speed Automatic Transmission,,2750
57,24325,HBT7L964,True,oldtown,"San Diego, California 92116",Austin-Healey 3000,1960,133000,"2,912cc C-Series Inline-Six",4-Speed Manual Gearbox,,20000
58,24395,5UMDU93407LM08169,True,reezy46,"El Monte, California 91731",BMW Z4 M Coupe,2007,107000,3.2-Liter S54 Inline-Six,Six-Speed Manual Transmission,,28000
59,24427,8692606786,True,rlaffer,"Plymouth, New Hampshire 03264",,1979,93000,No Engine Data Found,,,
60,24212,SCBFT7ZA5EC040010,True,MohrImports,"Monterey, California 93940",Bentley Continental GT,2014,38946,Twin-Turbo 4.0L V8,ZF Eight-Speed Automatic Transmission,,59500
61,24241,9118202115,True,TA31,"Mustang, Oklahoma 73064",Porsche Impact Bumper 911,1978,127000,3.0-Liter Flat-Six,5-Speed Manual Transaxle,,13000
62,24299,FJ2520715L,True,overton,"Miami, Florida 33172",Toyota Land Cruiser FJ40,1960,,3.9L Straight-Six,4-Speed Manual Transmission,,34250
63,24329,SCCLMDTU5AHA11569,True,jon_bondy,"EAST FAIRFIELD, Vermont 05448",Lotus Europa,2010,28000,3.5-Liter V6,Six-Speed Manual Transmission,,15500
64,24465,ZARDA1247J1051694,True,Alfaonly,"Beaverton, Oregon 97007",Alfa Romeo 75/Milano,1988,270000,Rebuilt 3.0L Busso V6,5-Speed Manual Transaxle w/LSD,,2400
65,24266,SCFBF04CX9GD12685,True,fcort7,"Carrollton, Texas 75006",Aston Martin V8 Vantage,2009,26071,4.7-Liter V8,Six-Speed Automated Manual Transmission,,29000
66,24248,1J4FT78S1TL313779,True,garylongbottom,"Spring, Texas 77379",Jeep Cherokee,1996,69000,4.0-Liter Inline-Six,4-Speed Automatic Transmission,,3300
67,24296,WP0AB299X7S730797,True,Hoot,"The Colony, Texas 75056",Porsche 997 911,2007,96000,3.8-Liter Flat-Six,Six-Speed Manual Transaxle,,25000
68,24298,WDBFA68F1YF188540,True,exclusive.impex,"Fort Lauderdale, Florida 33314",Mercedes-Benz R129 SL,2000,15127,5.0-Liter M113 V8,5-Speed Automatic Transmission,,10250
69,24316,1W80U8Z470820,True,Tomharper,"Knoxville, Tennessee 37922",Chevrolet El Camino,1978,67000,305ci V8,3-Speed Automatic Transmission,,5800
70,24378,1C3ADEBZ7DV400295,True,pveltsistas,"Clifton, Virginia 20124",Dodge Viper,2013,1770,8.4-Liter V10,6-Speed Manual Transmission,,70000
71,24265,1ZVBP8CU8D5206268,True,Cliner,"Santa Ynez, California 93460",Ford Mustang S197 2005-2014,,22000,5.0L Coyote V8,6-Speed Manual Gearbox,,16500
72,24424,JT2SW22N7M0009692,True,JimK,"Santa Barbara, California 93109",Toyota SW20 MR2,1991,128000,Turbocharged 2.0L Inline-Four,5-Speed Manual Transaxle,,8100
73,24244,JF1GD76617L510234,True,wirewizzard,"Danville, California 94506",Subaru WRX STi,2007,43000,Turbocharged 2.5-Liter Flat-Four,Six-Speed Manual Gearbox,,20000
74,24320,WBAAB540XE9506229,True,1600veloce,"North Salem, New York 10560",BMW E30,1984,189580,2.7-Liter Inline-Six,Five-Speed Manual Transmission,,3790
75,24403,WDBWK73F26F115541,True,Cpl8888,"Clarks Summit, Pennsylvania 18411",Mercedes-Benz AMG,2006,12000,5.4-Liter V8,Seven-Speed Automatic Transmission,,17750
76,24335,HDC4366953,True,kmp26race,"Wakarusa, Kansas 66546",MG MGA,1959,45000,"1,500cc Inline-Four",4-Speed Manual,,5500
77,24311,1Z37L2S511627,True,Jweiser,"Waynesboro, Virginia 22980",Chevrolet Corvette C3,1972,104000,Numbers-Matching 350ci LT1 V8,4-Speed Manual Transmission,,20250
78,24211,DCR5036,False,jhoar802,"Burlington, Vermont 05401",,1931,112000,No Engine Data Found,3-Speed Manual Transmission,,6000
79,24315,CF1826ZU,True,Tucsonautomuseum,"Tucson, Arizona 85719",Triumph TR6,1974,152000,2.5-Liter Inline-Six,4-Speed Manual Transmission,,6000
80,24391,SCBDP3ZA5AC062927,True,bruce_m,"Doylestown, Pennsylvania 18901",Bentley Continental GT,2010,62000,Twin-Turbocharged 6.0L W12,6-Speed Automatic Transmission,,50000
81,24297,WBAAA230XH3113132,True,jariess,"Bay Village, Ohio 44140",BMW E30,1987,144000,2.5-Liter M20 Inline-Six,Four-Speed Automatic Transmission,,7000
82,24206,453360,True,pfriedman,"Tustin, California 92780",Porsche Longhood 911,,,2.5L Short-Stroke Flat-Six,4-Speed 935 Manual Gearbox,,28000
83,24372,WP0JB0933KS050247,True,360_Modena,"Costa Mesa, California 92649",Porsche 930 Turbo,1989,157071,Turbocharged 3.3L Flat-Six,5-Speed Manual Transaxle,,60000
84,24210,WBA18310007215078,True,JoeKregori,"Sun Valley, California 91352",BMW 3-Series,1980,226000,2.5-Liter M20 Inline-Six,5-Speed Dogleg Manual Gearbox,,7200
85,24396,WDBSK79F05F091311,True,bruce_m,"Doylestown, Pennsylvania 18901",Mercedes-Benz R230 SL,2005,148000,Twin-Turbocharged 6.0L V12,5-Speed Automatic Transmission,,15500
86,24324,SCFFDECNXCGG13830,True,eddymike,"Cincinnati, Ohio 45255",,2012,12000,5.9-Liter V12,Six-Speed Automatic Gearbox,,48000
87,24317,F25J8H13500,True,jhicks815,"Hopkins, Minnesota 55305",Ford Pickup,1958,25000,No Engine Data Found,3-Speed Manual Transmission,,11000
88,24306,9288102070,True,SharkHunter84,"Dallas, Texas 75219",Porsche 928,1978,106000,4.5L V8,5-Speed Transaxle,,12500
89,24382,JM1FC3319L0804681,True,spitz17,"Cupertino, California 95014",Mazda RX-7 FC,1990,46000,1.3L Two-Rotor Wankel,5-Speed Manual,,4900
90,24401,WBSBL93464JR24664,True,ImolaElite,"Quincy, Massachusetts 02171",BMW E46 M3,2004,188000,3.2-Liter Inline-Six,6-Speed Manual Transmission,,17000
91,23939,1E30080,True,FantasyJunction,"Emeryville, California 94608",,,1000,Modified 4.2L XK Inline-Six,Getrag 5-Speed Manual Transmission,,250000
92,24209,1FTEF14H7TNA00059,True,flyn-hawn,"La Mesa, California 91941",Ford Pickup,1996,49000,5.8L V8,Automatic Transmission,,9000
93,24414,WP0AB0910HS120178,True,Skcrawford,"Alameda, California 94501",Porsche Impact Bumper 911,1987,244000,3.2-Liter Flat-six,G50 Five-Spee Manual Transaxle,,10911
94,24407,WP0AA0910DS121537,True,perray,"La Mesa, California 91942",Porsche Impact Bumper 911,1983,75000,3.0-Liter Flat-Six,915 5-Speed Manual Transaxle,,15500
95,24322,JA3AH86C66U069403,True,996x50turbo,"Colorado Springs, Colorado 80904",Mitsubishi Lancer Evolution,2006,15771,Turbocharged 2.0L Inline-Four,6-Speed Manual Transmission,,35000
96,24432,224801,True,LazMotors,"Olympia, Washington 98516",Volvo Amazon,1967,123000,1.8-Liter B18 Inline-Four,Three-Speed Automatic Transmission,,6000
97,24280,ZARBA5414F1023876,True,Lisa1956,"Woodbine, Maryland 21797",Alfa Romeo 105/115 Series Spider,1985,93000,2.0L Twin-Cam Inline-Four,Rebuilt 5-Speed Manual Gearbox,,3454
98,24359,WP0AB29858U782979,True,rmessner,"Denver, Colorado 80223",Porsche Cayman,2008,67000,3.4-Liter Flat-Six,6-Speed Manual Transaxle,,16987
99,24451,ZFFYR51A0X0118073,True,oneconnoisseur,"San Francisco, California 94110",Ferrari 360,1999,43000,3.6-Liter DOHC V8,6-Speed F1 Sequential Gearbox,,30250
100,24468,1ZVHT88SX75322296,True,Tsundru,"Spring Valley, New York 10977",Ford Mustang S197 2005-2014,2007,6000,Supercharged 5.4-Liter DOHC V8,Tremec Six-Speed Manual Transmission,,20000
101,24417,WP0AA2993YS620095,True,hughespt,"Saint Charles, Missouri 63301",Porsche 996 911,2000,41000,3.4-Liter M96 Flat-Six,Six-Speed Manual Transaxle,,8250
102,24360,ZARBB32N9N7004677,True,Mdfatsi,"Richmond, Virginia 23225",Alfa Romeo 105/115 Series Spider,1992,56000,2.0L Twin-Cam Inline-Four,5-Speed Manual Transmission,,4100
103,24226,SAJNW484XLC168817,True,Vander,"Dublin, Ohio 43016",Jaguar XJS,1990,57000,No Engine Data Found,3-Speed Automatic Transmission,,13500
104,24366,WDBPJ76J53A003058,True,Bad_Chadi,"North Royalton, Ohio 44133",Mercedes-Benz CL-Class,2003,101000,5.5-Liter Bi-turbo V12,5-Speed Automatic Transmission,,6215
105,24362,2T87P7N254668,True,loops1892,"POST FALLS, Idaho 83854",Pontiac Firebird,1977,70000,350ci V8,3-Speed Automatic Transmission,,2500
106,24410,1J4GS5873KP104560,True,MadCarDisease,"Ferndale, Washington 98248",Jeep Grand Wagoneer,1989,239000,5.9-Liter V8,3-Speed A727 Automatic Transmission,,6700
107,24270,WBABB2315MEC26837,True,choicedealsnc2017,"Raleigh, North Carolina 27606",BMW E30,1991,122000,2.5-Liter M20 Inline-Six,Four-Speed Automatic Transmission,,3500
108,24461,F15BLCF5587,True,Rpm3303,"Esko, Minnesota 55733",Ford Pickup,1978,46000,No Engine Data Found,Three-Speed Manual Transmission w/ Overdrive,,1000
109,24278,WDBAB33C5FA217549,True,altitude38k,"Richmond, Indiana 47374",Mercedes-Benz W123,1985,165000,3.0-Liter Turbodiesel Inline-Five,Four-Speed Automatic Transmission,,3000
110,24370,1FABP28TXGF215994,True,sephiroth0001,"Booneville, Mississippi 38829",Ford Fox-Body Mustang,1986,20000,Turbocharged 2.3L Inline-Four,5-Speed Manual Transmission,,8000
111,24348,HLS30-06206,True,cagerinklink,"Hanover, New Hampshire 03755",Datsun 240Z,1970,8000,Numbers-Matching 2.4-Liter Inline-Six,4-Speed Manual Transmission,,12240
112,24225,J5404704,True,peanutrls,"Irvine, California 92620",,1976,47000,2.7L Diesel Inline-Four,4-Speed Manual Transmission,,3000
113,24464,1FACP42D8PF137300,True,GTAuto,"Rancho Cordova, California 95742",Ford Fox-Body Mustang,1993,82000,5.0L V8,5-Speed Manual Transmission,,5000
114,24260,678099,True,Rootwo,"Atascadero, California 93422",,1960,120000,"1,050cc Abarth A-112 Inline-Four",Four-Speed Manual Transaxle,,27777
115,24386,WP0JA0926CS821604,True,evan.hbi,"Mocksville, North Carolina 27028",Porsche 928,,98000,4.5-Liter V8,5-Speed Manual Transaxle,,6928
116,24476,BPVSM2719,True,rodpick,"San Clemente, California 92672",,1954,74000,"1,911cc Inline-Four",Three-Speed Manual Transmission,,
117,24303,WDB1240361B742670,True,renntech36,"Long Beach, California 90808",Mercedes-Benz W124 E-Class,,166000,5.0-Liter M119 V8,4-Speed Automatic Transmission,,20000
118,24255,LRX 11531,True,chiplamb,"Savannah, Georgia 31405",,1971,8000,6.75-Liter V8,3-Speed Automatic Transmission,,15000
119,24256,JT4RN55D6H7017583,True,Oregon_Motor_Company,"Camas, Washington 98607",Toyota Pickup,1987,88000,2.4-Liter 22R Inline-Four,5-Speed Manual Gearbox,,4200
120,24431,1B7KW34W1FS522687,True,gdrum,"Muncie, Indiana 47302",,1985,57000,360ci V8,Three-Speed Automatic Transmission,,2666
121,24233,5816MS33627,True,johnstanley,"Hood River, Oregon 97031",,1958,661,350cc Single-Cylinder Engine,4-Speed Transmission,,2500
122,24347,RC0119BM107301,True,O2theL,"Walton, Kentucky 41094",Honda Motorcycles,1981,32000,DOHC 748cc 4-Cylinder,5-Speed Transmission,,750
123,24428,1JCCM88E9FT082655,True,Rayhd,"Bozeman, Montana 59715",Jeep CJ-7,1985,115000,No Engine Data Found,Tremec 4-Speed Manual Gearbox,,12000
124,24216,2762277,False,Achman,"West Orange, New Jersey 07052",BMW 2002,1972,25000,2.0L M10 Inline-Four,4-Speed Manual Transmission,,3300
125,24368,1836363007795,True,Tsc2267,"Groveland, California 95321",Volvo 1800ES,1973,159000,2.0-Liter Inline-Four,3-Speed Automatic Transmission,,4000
126,24274,WP0AC29977S792932,True,copleymotorcars,"Needham, Massachusetts 02492",Porsche GT3,2007,20116,3.6-Liter Flat-Six,Six-Speed Manual Transaxle,,60000
127,24475,1FTHF26GXLPA09916,True,1969911Ss,"Payson, Utah 84651",Ford Pickup,1990,26795,460ci V8,Five-Speed Manual Transmission,,7500
128,24288,WP0AB0918JS120810,True,gbarkan98,"Tucson, Arizona 85750",Porsche Impact Bumper 911,1988,85000,3.2-Liter Air-Cooled Flat-Six,G50 5-Speed Manual Transaxle,,15250
129,24300,WBSDE93482CF90662,True,JIrwan,"Fishers, Indiana 46040",BMW E39 M5,2002,140000,4.9-Liter V8,6-Speed Manual Transmission,,17770
130,24257,43237,True,SportsPurposeGarage,"Livermore, California 94551",,1951,2735,No Engine Data Found,Manual Transmission with Overdrive,,8500
131,24433,ZFFXA20A7G0061437,True,JRA2013,"Clarence Center, New York 14032",Ferrari 328,1986,61000,3.2-Liter F105CB V8,5-Speed Manual Gearbox,,10000
132,24284,WDBHA33G2XF823545,True,Frankenbenz,"Everett, Washington 98208",Mercedes-Benz AMG,1999,278000,5.4-Liter M113 V8,722.6 Five-Speed Automatic Transmission,,5455
133,24305,WP0JB0931GS050271,True,akpcm,"Costa Mesa, California 92627",Porsche 930 Turbo,1986,102000,Turbocharged 3.3-Liter Flat-Six,Four-Speed Manual Transaxle,,33930
134,24213,WBSCM9341YLC61731,True,Clayman,"Wichita, Kansas 67208",BMW M Coupe,2000,91000,3.2-Liter S52 Inline-Six,Five-Speed Manual Transmission,,12000
135,24218,MVIN205781IND,True,SteveLobban,"Lake George, New York 12845",,1939,85000,350ci V8,4-Speed TH400 Automatic Transmission,,8000
136,24452,194379S736038,True,lambogas,"Spring, Texas 77373",Chevrolet Corvette C3,1969,57000,427ci V8,4-Speed Manual Transmission,,10000
137,24443,40967W135104,True,westwoodscl,"Burnaby, British Columbia, Canada",Chevrolet Corvair,1964,16000,No Engine Data Found,4-Speed Manual Gearbox,,2100
138,24365,WP0AA29992S624045,True,WAH,"Dallas, Texas",Porsche 996 911,2002,41000,3.6L Flat-Six,6-Speed Manual Gearbox,,39000
139,24379,JHMAP21417S004181,True,lealex,"Seattle, Washington 98148",Honda S2000,2007,30000,2.2-Liter Inline-Four,6-Speed Manual Transmission,,15000
140,24229,TD25257,True,pinkyracer,"Belmont, California 94002",MG TD,1953,151000,"1,250cc XPAG Inline-Four",4-Speed Manual Transmission,,12000
141,24334,WP0AB2A91CS721038,True,SWVintage,"PHOENIX, Arizona 85018",Porsche 997 911,2012,11000,3.8-Liter Flat-Six,7-Speed PDK Transaxle,,61000
142,24353,WDBUF76J75A682884,True,Andrew.Allen,"Mendham, New Jersey 07945",Mercedes-Benz AMG,2005,98000,Supercharged 5.4-Liter M113 V8,5G-Tronic Automatic Transmission,,7555
143,24374,119120647,True,amir458,"San Rafael, California 94901",Porsche Longhood 911,1969,90000,2.0-Liter M901 Flat-Six,Original Five-Speed Transaxle,,50000
144,24413,2G1FP22P9T2157789,True,bill930p,"Miami, Florida 33186",Chevrolet Camaro,1996,14000,383ci V8 Stroker,6-Speed Manual Transmission,,4800
145,24439,GHD4U169939G,True,Johncooperclassics,"Brossard, Quebec, Canada",MG MGB,1969,141000,Rebuilt 1.8-Liter Inline-Four,4-Speed Manual Gearbox with Overdrive,,5000
146,24458,WP0JB0921ES860231,True,Vander,"Dublin, Ohio 43016",Porsche 928,1984,75000,4.7-Liter V8,Four-Speed Automatic Transaxle,,928
147,24283,0F02G138357,True,GTAuto,"Rancho Cordova, California 95742",Ford Mustang 1969-1973,1970,85000,Replacement Boss 302ci V8,4-Speed Manual Transmission,,27000
148,24214,WP0AC29934S692354,True,bigT911,"Bensenville, Illinois 60106",Porsche GT3,2004,65000,3.6-Liter Mezger Flat-Six,Six-Speed Manual Transmission,,31000
149,24339,2Y82H405799,True,Calstickshift,"SAN JOSE, California 95125",,1962,111000,430ci V8,3-Speed Automatic Transmission,,9500
150,24313,111490,True,Jsimeon,"Lake Oswego, Oregon 97034",Porsche 356,1960,16000,No Engine Data Found,Four-Speed Manual Transaxle,,40000
151,24351,WP0JB0927JS860065,True,GMaida,"Mill Neck, New York 11765",Porsche 928,1988,88000,5.0L DOHC V8,4-Speed Automatic Transaxle,,16178
152,24330,6A40S274072,True,max111,"Eads, Tennessee 38028",,1966,28000,S-Code 390ci V8,4-Speed Toploader Manual Transmission,,18500
153,24304,458653,True,mister_e,"Sequim, Washington 98382",Lotus Elan,1969,56000,No Engine Data Found,Four-Speed Manual Gearbox,,17000
154,24425,1G6DV8EP5E0134357,True,wiusa,"Jacksonville, Florida 32246",Cadillac CTS-V,2014,24000,Supercharged 6.2-Liter V8,Six-Speed Automatic Transmission,,20000
155,24208,3024413,True,Gfo771277,"Calgary, Alberta, Canada",Alfa Romeo 105/115 Series Coupe,1974,28000,2.0-Liter DOHC Inline-Four,5-Speed Manual Transmission,,26500
156,24462,SCBLF34F84CX09889,True,TranquillityChevrolet,"Tranquillity, California 93668",Bentley Arnage,2004,49000,Twin-Turbo 6.75-Liter V8,Four-Speed Automatic Transmission,,15000
157,24240,9289201438,True,SportsPurposeGarage,"Livermore, California 94551",Porsche 928,1979,78000,4.5-Liter V8,5-Speed Manual Transmission,,5400
158,24333,4JGAB74E01A260368,True,genevamotorcars,"Delavan, Wisconsin 53115",,2001,98000,5.4-Liter M113 V8,Five-Speed Automatic Transmission,,4655
159,24375,229152070,True,1972vintage,"Hayden, Idaho 83835",Volkswagen Bus,1969,51000,"1,835cc Flat-Four",4-Speed Manual Transaxle,,20250
160,24357,11805188,False,DSFM2005,"HOUSTON, Texas 77079",Porsche Longhood 911,1968,6000,Multiple Entries Found,Original Five-Speed Transaxle,,17162
161,24394,ZDM1LA4N62B001592,True,O2theL,"Walton, Kentucky 41094",,2002,1585,904cc L-Twin,Six-Speed Gearbox,,16000
162,24323,4-FJ4517222,True,ClemsonCruiser,"North Augusta, South Carolina 29860",Toyota Land Cruiser FJ40,1965,3540,Rebuilt 3.9-Liter F135 Inline-Six,Column-Shifted 3-Speed Manual Transmission,,37500
163,24455,184353-032993,True,Roffeman,"Woodinville, Washington 98072",Volvo P1800,1971,136000,"1,986cc B20E Fuel-Injected Inline-Four",4-Speed Manual Gearbox w/ Overdrive,,2501
164,24454,15984,True,ChuckHallau,"Chaska, Minnesota 55318",Triumph TR3,1957,48000,"1,991cc Inline-Four",4-Speed Manual Transmission,,3000
165,24243,2G1FT1EW2A9173829,True,2ndChance,"Downers Grove, Illinois 60515",Chevrolet Camaro,2010,17000,Supercharged 6.2L LS3 V8,6-Speed Manual Transmission,,9500
166,24338,WDB46332017093186,True,Chanc5,"Fort Worth, Texas 76116",Mercedes-Benz Gelandewagen,1993,324000,3.5L Turbodiesel Inline-Six,4-Speed Automatic Transmission,,12000
167,24449,1858CRSCAL,True,MohrImports,"Monterey, California 93940",,,4184,No Engine Data Found,Tremec Five-Speed Gearbox,,5100
168,24415,JM1NA3516L0139012,True,TimeIn2Seats,"Elizabethtown, Pennsylvania 17022",Mazda Miata,1990,46000,1.6-Liter DOHC Inline-Four,Five-Speed Manual Transmission,,4990
169,24332,221191,True,tgh767,"Fort Worth, Texas 76131",,1973,45000,745cc Parallel Twin,4-Speed Transmission,,4555
170,24469,JT4VN13G9P5112881,True,zenautoworks,"Calgary, Alberta, Canada",Toyota Pickup,1993,85000,3.0-Liter V6,4-Speed Automatic Transmission,,
171,24220,SALHV1246NA618878,True,csantacana,"Miami, Florida 33130",Land Rover Range Rover Classic,1992,384000,3.9-Liter V8,4-Speed Automatic Transmission,,7000
172,24267,BN1L4156796,True,chronow1,"Katy, Texas 77494",Austin-Healey 100,1954,104000,No Engine Data Found,3-Speed Manual Transmission,,30250
173,24219,ZFFSG17AXM0089530,True,dhillonsanu,"San Francisco, California 94112",Ferrari Testarossa,1991,82000,4.9-Liter Flat-12,5-Speed Manual Transaxle,,51989
174,24309,JM1NA3514M1228069,True,Ertech,"Champlain, NY 12919",Mazda Miata,1991,7170,1.6L Twin-Cam Four,Five-Speed Manual Transmission,,12500
175,24312,13639176,True,spanner56,"Saint Helena, California 94574",,1940,8000,No Engine Data Found,2-Speed Automatic Transmission,,4160
176,24268,WBADC7403J1717965,True,Vicopel,"Thousand Oaks, California 91360",BMW 5-Series,1988,341000,3.8-Liter Inline-Six Stroker Engine,5-Speed Manual Transmission,,15000
177,24416,FJ40164943,True,Erickhr,"Miami, Florida 33176",Toyota Land Cruiser FJ40,1974,35000,4.2-Liter 2F Straight Six,Four-Speed Manual Gearbox,,7500
178,24448,WDBEA92E6SF306716,True,choicedealsnc2017,"Raleigh, North Carolina 27606",Mercedes-Benz W124 E-Class,1995,222000,3.2L M104 Inline-Six,4-Speed Automatic Transmission,,3095
179,24318,WP0EB0915HS161245,True,salayc,"Studio City, California 91604",Porsche Impact Bumper 911,1987,204000,3.2L Flat-Six,G50 5-Speed Manual Transaxle,,14000
180,24277,SPL31000043,True,essjatee,"Sarasota, Florida 34234",Datsun Roadster,1964,17000,Numbers-Matching 1.5L Inline-Four,4-Speed Manual Transmission,,20000
181,24221,4S8S0DGD17200,True,CBMAN,"Gilroy, California 95020",International Harvester Scout,1974,1000,304ci V8,4-Speed Manual Gearbox,,7500
182,24402,WBAEG2316MCB73267,True,aleccartio,"Encino, California 91316",BMW E31 8-Series,1991,56000,5.0-Liter V12,Four-Speed Automatic Transmission,,9000
183,24290,HCR32000194,True,scottarcher105,"Midlothian, Virginia 23112",Nissan R32 Skyline,1989,,Replacement Turbo 2.5L RB25 Straight-Six,5-Speed Manual Gearbox,,5200
184,24252,CT20763L,True,BProKS54,"Olathe, Kansas 66062",Triumph TR4,1964,62000,"2,138cc Inline-Four",Four-Speed Manual Transmission,,14004
185,24262,WBAEE1406H2560612,True,CKESH,"Halifax, Nova Scotia, Canada",BMW E24 6-Series,1987,218000,Rebuilt 3.5-Liter Inline-Six,5-Speed Manual Transmission,,10000
186,24295,WAUHP84A9PN067660,True,rarecardude,"San Diego, California 92110",Audi S4,1993,238000,Turbocharged 2.2-Liter Inline-Five,Five-Speed Manual Transmission,,4000
187,24310,10801412046879,True,CNCmotors,"Upland, California 91784",Mercedes-Benz W108 & W109,1967,19000,2.5-Liter M129 Inline-Six,4-Speed Automatic Transmission,,10000
188,24436,DE14822017,True,mjcromer,"Mabank, Texas 75156",,1941,119000,No Engine Data Found,3-Speed Manual Transmission,,5200
189,24411,WP0AC2A97JS176277,True,graydon,"Santa Fe, New Mexico 87501",Porsche GT3,2018,1770,500-Horsepower 4.0L Flat-Six,6-Speed Manual Transaxle,,103991
190,24438,11401512017146,True,Ohvrkl,"Honolulu, Hawaii 96825",,1969,3379,6.0-Liter L76 V8,Six-Speed Automatic Transmission,,3000
191,24286,WDBBA48D2JA090850,True,icona,"Lansdale, Pennsylvania 19446",Mercedes-Benz R107 SL,1988,56000,5.5-liter V8,4-Speed Automatic Transmission,,11000
192,24337,WP0EB0917ES160383,True,Nathanyork,"Oklahoma City, Oklahoma 73101",Porsche Impact Bumper 911,1984,159000,Replacement 3.0-Liter Flat-Six,915 Five-Speed Manual Transaxle,,12000
193,24380,JT3FJ60G9G1133226,True,Impslap,"EL PASO, Texas 79922",Toyota Land Cruiser FJ60 & FJ62,1986,3000,6.0L LS V8,4-Speed Automatic Transmission,,10875
194,24369,007,True,rfeds,"Bend, Oregon 97703",,1967,,"2,165cc VW Flat-Four",Four-Speed VW Transaxle,,11000
195,24273,U15GLR63904,True,Jarclay,"Dallas, Texas 75208",Ford Bronco,1973,5954,302ci V8,3-Speed Automatic Transmission,,19000
196,24387,YV1FX874XG1033227,True,brezac,"Portland, Oregon 97225",,1986,159000,Turbocharged 2.3L Inline-Four,Four-Speed Manual Transmission w/ Overdrive,,1800
197,24420,100-502156,True,DallasMotorsports75098,"Wylie, Texas 75098",,1959,,"Rebuilt 1,050cc Inline-Four",4-Speed Manual,,8000
198,24419,ECR33015283,True,1988holloway,"Fort Polk, Louisiana 71459",,1993,237000,Turbocharged 2.5-Liter Six,5-Speed Manual Gearbox,,5000
199,24466,4USBT53595LU10705,True,DENWERKS,"Salem, Oregon 97304",,2005,38000,3.0L M54 Inline-Six,5-Speed Automatic,,10000
200,24236,WDBAB93C5FF044475,True,wcclassics,"Torrance, California 90501",,1985,177000,3.0-Liter Turbodiesel Inline-Five,Four-Speed Automatic Transmission,,12250
